Rank, Name, Country, Industry, URL
1,McDonald's,United States of America,Fast Food Franchises,https://www.franchisedirect.com/foodfranchises/mcdonalds-franchise-07030/ufoc/
2,KFC,United States of America,Food Franchises,https://www.franchisedirect.com/foodfranchises/kfc-franchise-07095/ufoc/
3,Marriott International,United States of America,Travel Franchises,https://www.franchisedirect.com/travelfranchises/marriott-international-franchise-08393/ufoc/
4,Pizza Hut,United States of America,Food Franchises,https://www.franchisedirect.com/foodfranchises/pizza-hut-franchise-07054/ufoc/
5,Burger King,United States of America,Fast Food Franchises,https://www.franchisedirect.com/foodfranchises/burger-king-franchise-07118/ufoc/
6,Domino's ,United States of America,Food Franchises,https://www.franchisedirect.com/foodfranchises/dominos-pizza-franchise-07460/ufoc/
7,Dunkin',United States of America,Food Franchises,https://www.franchisedirect.com/foodfranchises/dunkin-donuts-franchise-07676/ufoc/
8,SUBWAY,United States of America,Food Franchises,https://www.franchisedirect.com/directory/subway/ufoc/915/
9,Circle K,United States of America,Retail Franchises,https://www.franchisedirect.com/retailfranchises/circle-k-franchise-07027/ufoc/
10,InterContinental Hotels and Resorts,United Kingdom,Hotel Franchises,https://www.franchisedirect.com/travelfranchises/intercontinental-hotels-and-resorts-franchise-07072/ufoc/
11,Taco Bell,United States of America,Fast Food Franchises,https://www.franchisedirect.com/foodfranchises/taco-bell-franchise-07099/ufoc/
12,Hilton Hotels & Resorts,United States of America,Hotel Franchises,https://www.franchisedirect.com/travelfranchises/hilton-hotels-resorts-franchise-08360/ufoc/
13,Baskin-Robbins,United States of America,Food Franchises,https://www.franchisedirect.com/directory/baskinrobbins/ufoc/5197/
14,7-Eleven,United States of America,Retail Franchises,https://www.franchisedirect.com/retailfranchises/7-eleven-franchise-07012/ufoc/
15,Wendy's,United States of America,Fast Food Franchises,https://www.franchisedirect.com/foodfranchises/wendys-franchise-08373/ufoc/
16,Century 21,United States of America,Real Estate Franchises,https://www.franchisedirect.com/realestatefranchises/century-21-franchise-09094/ufoc/
17,Choice Hotels,United States of America,Hotel Franchises,https://www.franchisedirect.com/travelfranchises/choice-hotels-franchise-08349/ufoc/
18,Hertz,United States of America,Automotive Franchises,https://www.franchisedirect.com/automotivefranchises/hertz-franchise-09108/ufoc/
19,Chem-Dry Carpet Cleaning,United States of America,Cleaning Franchises,https://www.franchisedirect.com/home-services-franchises/chem-dry-carpet-cleaning/
20,Kumon,Japan,Child Education Franchises,https://www.franchisedirect.com/directory/kumon/ufoc/908/
21,Groupe Casino,France,Food & Grocery Retail Franchises,https://www.franchisedirect.com/retailfranchises/groupe-casino-franchise-10570/ufoc/
22,Ace Hardware Corporation,United States of America,Home Services Franchises,https://www.franchisedirect.com/retailfranchises/ace-hardware-corporation-06448/
23,Groupe Auchan,France,Food & Grocery Retail Franchises,https://www.franchisedirect.com/retailfranchises/groupe-auchan-franchise-10601/ufoc/
24,RE/MAX,United States of America,Real Estate Franchises,https://www.franchisedirect.com/realestatefranchises/remax-franchise-07067/ufoc/
25,Europcar,France,Car Rental & Dealer Franchises,https://www.franchisedirect.com/automotivefranchises/europcar-franchise-08358/ufoc/
26,Marco’s Pizza,United States of America,Food Franchises,https://www.franchisedirect.com/foodfranchises/marcos-pizza-franchise-09548/ufoc/
27,Carrefour,France,Convenience Store Franchises,https://www.franchisedirect.com/retailfranchises/carrefour-franchise-09284/ufoc/
28,Weed Man Lawn Care,United States of America,Home Services Franchises,https://www.franchisedirect.com/homeservicesfranchises/weed-man-lawn-care-franchise-13443/ufoc/
29,Minuteman Press,United States of America,"Printer, Copying & Sign Franchises",https://www.franchisedirect.com/printercopyingsignfranchises/minuteman-press-franchise-00175/
30,Wyndham Hotels and Resorts,United States of America,Hotel Franchises,https://www.franchisedirect.com/travelfranchises/wyndham-hotels-and-resorts-franchise-08394/ufoc/
31,Arby's,United States of America,Burger Franchises,https://www.franchisedirect.com/directory/arbys/ufoc/2461/
32,International House of Pancakes (IHOP),United States of America,Fast Food Franchises,https://www.franchisedirect.com/foodfranchises/international-house-of-pancakes-ihop-franchise-09493/ufoc/
33,Interim HealthCare,United States of America,Senior Care Franchises,https://www.franchisedirect.com/healthcare-senior-care-franchises/interim-healthcare/
34,JAN-PRO Cleaning Systems,United States of America,Commercial Cleaning Franchises,https://www.franchisedirect.com/cleaningfranchises/jan-pro-cleaning-systems-franchise-01632/ufoc/
35,SERVPRO,United States of America,Home Services Franchises,https://www.franchisedirect.com/homeservicesfranchises/servpro-franchise-07343/ufoc/
36,Jollibee,Philippines,Fast Food Franchises,https://www.franchisedirect.com/jollibee-franchise-costs-fees/ufoc/
37,Coverall®,United States of America,Commercial Cleaning Franchises,https://www.franchisedirect.com/cleaningfranchises/coverall-franchise-07151/ufoc/
38,Tim Hortons,Canada,Fast Food Franchises,https://www.franchisedirect.com/foodfranchises/tim-hortons-franchise-07147/ufoc/
39,The UPS Store,United States of America,Business Services Franchises,https://www.franchisedirect.com/mailingshippingfranchises/the-ups-store-franchise-05563/ufoc/
40,Dairy Queen,United States of America,Fast Food Franchises,https://www.franchisedirect.com/foodfranchises/dairy-queen-franchise-07031/ufoc/
41,Snap-on Tools,United States of America,Automotive Franchises,https://www.franchisedirect.com/automotivefranchises/snap-on-tools-franchise-07086/ufoc/
42,Leadership Management International,United States of America,Business Consulting Services,https://www.franchisedirect.com/businessservicesfranchise/leadership-management-international-franchise-07020/ufoc/
43,Husse,Sweden,Pet Store Franchises,https://www.franchisedirect.com/petfranchises/husse-franchise-09111/ufoc/
44,GNC Live Well,United States of America,Wellness Products & Services,https://www.franchisedirect.com/healthbeautyfranchises/gnc-live-well-franchise-05725/ufoc/
45,FASTSIGNS,United States of America,"Printer, Copying & Sign Franchises",https://www.franchisedirect.com/business-services-franchises/fastsigns/
46,"Ben & Jerry's Franchising, Inc.",United States of America,Ice Cream Franchises,https://www.franchisedirect.com/foodfranchises/ben-jerrys-franchising-inc-franchise-07019/ufoc/
47,Paul Davis Restoration,United States of America,Cleaning Franchises,https://www.franchisedirect.com/homeservicesfranchises/paul-davis-restoration-inc-franchise-07745/
48,H&R Block,Canada,Accounting & Financial Franchises,https://www.franchisedirect.com/businessservicesfranchise/hr-block-franchise-07148/ufoc/
49,Kona Ice,United States of America,Ice Cream Franchises,https://www.franchisedirect.com/foodfranchises/kona-ice-franchise-06813/ufoc/
50,Eye Level Learning Center,South Korea,Child Education Franchises,https://www.franchisedirect.com/childrensfranchises/eye-level-learning-center-franchise-11758/ufoc/
51,Orangetheory Fitness,United States of America,Fitness Franchises,https://www.franchisedirect.com/fitnessfranchises/orangetheory-fitness-franchise-09691/ufoc/
52,DIA,Spain,Convenience Store Franchises,https://www.franchisedirect.com/retailfranchises/dia-franchise-09101/ufoc/
53,Anytime Fitness,United States of America,,https://www.franchisedirect.com/directory/anytimefitnessinc/5872/
54,Papa John's,United States of America,Food Franchises,https://www.franchisedirect.com/foodfranchises/papa-johns-franchise-07050/ufoc/
55,TGI Fridays,United States of America,Fast Food Franchises,https://www.franchisedirect.com/foodfranchises/tgi-fridays-franchise-10116/ufoc/
56,Mathnasium,United States of America,Child Education Franchises,https://www.franchisedirect.com/childrens-franchises/mathnasium/
57,Smoothie King,United States of America,Food Franchises,https://www.franchisedirect.com/foodfranchises/smoothie-king-franchise-07083/ufoc/
58,Sport Clips,United States of America,Hair Salon Franchises,https://www.franchisedirect.com/directory/sportclips/ufoc/5038/
59,Popeyes Louisiana Kitchen,United States of America,Fast Food Franchises,https://www.franchisedirect.com/foodfranchises/popeyes-louisiana-kitchen-franchise-07442/ufoc/
60,Bojangles,United States of America,Restaurant Franchises,https://www.franchisedirect.com/restaurantfranchises/bojangles-franchise-13296/ufoc/
61,Paris Baguette,South Korea,Food Franchises,https://www.franchisedirect.com/foodfranchises/paris-baguette-franchise-13788/ufoc/
62,Great Clips,United States of America,Health & Beauty Franchises,https://www.franchisedirect.com/healthbeautyfranchises/great-clips-franchise-07056/ufoc/
63,Carl's Jr.,United States of America,Fast Food Franchises,https://www.franchisedirect.com/restaurantfranchises/carls-jr-franchise-11616/ufoc/
64,Merry Maids,United States of America,House Cleaning Franchises,https://www.franchisedirect.com/cleaningfranchises/merry-maids-franchise-07033/ufoc/
65,Express Employment Professionals,United States of America,Employment & Staffing Franchises,https://www.franchisedirect.com/business-services-franchises/express-employment-professionals/
66,Rainbow International Restoration,United States of America,Restoration Franchises,https://www.franchisedirect.com/home-services-franchises/rainbow-international-restoration/
67,Krispy Kreme,United States of America,Bakery & Donut Franchises,https://www.franchisedirect.com/foodfranchises/krispy-kreme-franchise-13301/ufoc/
68,Midas,United States of America,Automotive Franchises,https://www.franchisedirect.com/automotivefranchises/midas-franchise-07037/ufoc/
69,Comfort Keepers,United States of America,Senior Care Franchises,https://www.franchisedirect.com/healthcareseniorcarefranchises/comfort-keepers-franchise-07029/ufoc/
70,Long John Silver's,United States of America,Fast Food Franchises,https://www.franchisedirect.com/foodfranchises/long-john-silvers-franchise-07016/ufoc/
71,Boston's Pizza Restaurant & Sports Bar,United States of America,Food Franchises,https://www.franchisedirect.com/bostons-pizza-restaurant-sports-bar-franchise-costs-fees
72,Hardee's,United States of America,Fast Food Franchises,https://www.franchisedirect.com/foodfranchises/hardees-franchise-07436/ufoc/
73,CARSTAR,United States of America,Automotive Repair Franchises,https://www.franchisedirect.com/carstar-franchise-costs-fees
74,Yogen Fruz,Canada,Frozen Yogurt Franchises,https://www.franchisedirect.com/directory/yogenfruz/ufoc/5162/
75,Pirtek,Australia,Maintenance Services,https://www.franchisedirect.com/directory/pirtek/145/
76,PuroClean,United States of America,Cleaning Franchises,https://www.franchisedirect.com/home-services-franchises/puroclean/
77,Meineke Car Care Center,United States of America,Automotive Franchises,https://www.franchisedirect.com/directory/meinekecarcarecenter/ufoc/2583/
78,A&W Restaurants,United States of America,Restaurant Franchises,https://www.franchisedirect.com/restaurantfranchises/aw-restaurants-franchise-07105/ufoc/
79,Mr. Rooter,United States of America,Home Services Franchises,https://www.franchisedirect.com/mr-rooter-franchise-costs-fees
80,Round Table Pizza ,United States of America,Food Franchises,https://www.franchisedirect.com/round-table-pizza-franchise-costs-fees
81,Fantastic Sams Hair Salons,United States of America,Hair Salon Franchises,https://www.franchisedirect.com/healthbeautyfranchises/fantastic-sams-hair-salons-franchise-00972/ufoc/
82,Charleys Philly Steaks,United States of America,Sandwich & Bagel Franchises,https://www.franchisedirect.com/food-franchises/charleys-philly-steaks/
83,Play It Again Sports®,United States of America,Sporting Goods Stores,https://www.franchisedirect.com/retailfranchises/play-it-again-sports-franchise-10709/ufoc/
84,Gloria Jean’s Gourmet Coffees,United States of America,Coffee Franchises,https://www.franchisedirect.com/gloria-jeans-gourmet-coffees-franchise-costs-fees
85,Johnny Rockets,United States of America,Burger Franchises,https://www.franchisedirect.com/foodfranchises/johnny-rockets-franchise-09112/ufoc/
86,Visiting Angels,United States of America,Senior Care Franchises,https://www.franchisedirect.com/healthcare-senior-care-franchises/visiting-angels-living-assistance-services/
87,CruiseOne/Dream Vacations,United States of America,Cruise Franchises,https://www.franchisedirect.com/directory/product/ufoc/8229/
88,Budget Blinds,United States of America,Home Improvement,https://www.franchisedirect.com/home-services-franchises/budget-blinds/
89,Red Robin,United States of America,Burger Franchises,https://www.franchisedirect.com/red-robin-franchise-costs-fees
90,Once Upon A Child,United States of America,Specialty Retail Franchises,https://www.franchisedirect.com/retailfranchises/once-upon-a-child-franchise-13573/ufoc/
91,Wingstop,United States of America,Fast Food Franchises,https://www.franchisedirect.com/foodfranchises/wingstop-franchise-07445/ufoc/
92,Matco Tools,United States of America,Automotive Repair Franchises,https://www.franchisedirect.com/directory/matcotools/ufoc/161/
93,ServiceMaster Clean,United States of America,Cleaning Franchises,https://www.franchisedirect.com/cleaningfranchises/servicemaster-clean-franchise-06972/ufoc/
94,Pressto,Spain,Dry-cleaning & Laundry Franchises,https://www.franchisedirect.com/cleaningfranchises/pressto-franchise-12751/ufoc/
95,Ziebart,United States of America,Car Detailing Franchises,https://www.franchisedirect.com/automotivefranchises/ziebart-franchise-09677/
96,Edible Arrangements®,United States of America,Gift Franchises,https://www.franchisedirect.com/directory/ediblearrangements/ufoc/25/
97,The Maids,United States of America,Cleaning Franchises,https://www.franchisedirect.com/cleaning-franchises/the-maids/
98,Petland,United States of America,Pet Store Franchises,https://www.franchisedirect.com/directory/petland/ufoc/140/
99,Jiffy Lube®,United States of America,Oil Change Franchises,https://www.franchisedirect.com/automotivefranchises/jiffy-lube-franchise-07076/ufoc/
100,NOVUS Glass,United States of America,Automotive Franchises,https://www.franchisedirect.com/automotive-franchises/novus-glass/
